Category,Item,Description,Updated Price,Current Shop Price,Original price,Extra,30%,35%,40%,,Updated Website - Collection,Updated Website - Delivery,Current Website,,delivery,current delivery,Uber,,,,,,,,,,
,,,,,,,,,,,,,,,,,,,,,,,,,,,
BEEF BURGER,PLAIN BEEF,"Beef Patty, Lettuce, & Tomato Sauce",$7.50 ,$6.00 ,$2.62 ,,$7.86 ,$7.34 ,$6.55 ,,$8.30 ,$8.70 ,7.5,8.25,$8.63 ,$7.88 ,$10.79 ,,,,,,,,,,
,CHEESE BURGER,"Beef Patty, Cheese, Lettuce, & Tomato Sauce",$8.30 ,$6.90 ,$2.62 ,$0.80 ,$8.66 ,$8.14 ,$7.35 ,,$9.20 ,$9.60 ,8.4,9.13,$9.55 ,$8.82 ,$11.96 ,,,,,,,,,,
,DOUBLE BEEF CHEESE,"Two Beef Patties, Double Cheese, Lettuce, & Tomato Sauce",$13.40 ,$10.90 ,$4.17 ,$1.60 ,$14.11 ,$13.28 ,$12.03 ,,$14.80 ,$15.50 ,13.5,14.74,$15.41 ,$14.18 ,$19.24 ,,,,,,,,,,
,THE LOT,"Beef Patty, Egg, Bacon, Cheese, Tomato, Red Onion, Lettuce, & Tomato Relish",$11.20 ,$9.80 ,$2.62 ,$3.70 ,$11.56 ,$11.04 ,$10.25 ,,$12.40 ,$12.90 ,11.5,12.32,$12.88 ,$12.08 ,$16.12 ,,,,,,,,,,
,MEXICAN,"Beef Patty, Jalapenos, Cheese, Tomato, Red Onion, Lettuce, & Peri Peri Mayo",$10.20 ,$8.50 ,$2.62 ,$2.70 ,$10.56 ,$10.04 ,$9.25 ,,$11.30 ,$11.80 ,10.5,11.22,$11.73 ,$11.03 ,$14.69 ,,,,,,,,,,
,TROPICAL,"Beef Patty, Bacon, Pineapple, Cheese, Lettuce, Mayo, & Tomato Relish",$10.30 ,$8.90 ,$2.62 ,$2.80 ,$10.66 ,$10.14 ,$9.35 ,,$11.40 ,$11.90 ,10.9,11.33,$11.85 ,$11.45 ,$14.82 ,,,,,,,,,,
,BLT CHEESE,"Beef Patty, Bacon, Cheese, Tomato, Lettuce, Mayo, & Tomato Sauce",$9.70 ,$8.90 ,$2.62 ,$2.20 ,$10.06 ,$9.54 ,$8.75 ,,$10.70 ,$11.20 ,10.9,10.67,$11.16 ,$11.45 ,$13.91 ,,,,,,,,,,
,BBQ CHEESE,"Beef Patty, Bacon, Cheese, Red Onion, Lettuce, & BBQ Sauce",$9.80 ,$8.90 ,$2.62 ,$2.30 ,$10.16 ,$9.64 ,$8.85 ,,$10.80 ,$11.30 ,10.9,10.78,$11.27 ,$11.45 ,$14.04 ,,,,,,,,,,
,ROYALE WITH CHEESE,"Beef Patty, Double Cheese, Red Onion, Pickles, Tomato Relish & Mustard",$10.10 ,$9.50 ,$2.62 ,$2.60 ,$10.46 ,$9.94 ,$9.15 ,,$11.20 ,$11.70 ,10.9,11.11,$11.62 ,$11.45 ,$14.56 ,,,,,,,,,,
,THE AUSSIE,"Beef Patty, Egg, Bacon, Cheese, Beetroot, Tomato, Red Onion, Lettuce, BBQ Sauce, & Tomato Sauce",$12.20 ,$9.90 ,$2.62 ,$4.70 ,$12.56 ,$12.04 ,$11.25 ,,$13.50 ,$14.10 ,12.5,13.42,$14.03 ,$13.13 ,$17.55 ,,,,,,,,,,
,Add  Egg / Bacon/ PineApple / Jalapenos,,1,1,,,,,,,,,1.1,1.1,$1.15 ,$1.15 ,$0.00 ,,,,,,,,,,
,Add Cheese / Beetroot ,,0.8,0.8,,,,,,,,,0.9,0.88,$0.92 ,$0.92 ,$0.00 ,,,,,,,,,,
,Add Lettuce / Tomato,,0.4,0.4,,,,,,,,,0.45,0.44,$0.46 ,$0.46 ,$0.00 ,,,,,,,,,,
,Add Pickle / Onion / Grilled Onion,,0.5,0.5,,,,,,,,,0.55,0.55,$0.58 ,$0.58 ,$0.00 ,,,,,,,,,,
,Add meat patty,,3.5,,1.55,,,$4.34 ,$3.88 ,,,,3.9,,,,,,,,,,,,,,
,Make a meal / Combo,$3 Chip & a Can,5.3,5.3,,,,,,,,,,,,$6.10 ,$0.00 ,,,,,,,,,,
,Bun With,,$3.40 ,3.3,1.07,,$3.21 ,$3.00 ,$2.68 ,,,,,,,,,,,,,,,,,,
,Bread With,,$3.10 ,3.3,1.04,,$3.12 ,$2.91 ,$2.60 ,,,,,,,,,,,,,,,,,,
,,,,,,,,,,,,,,,,,$0.00 ,,,,,,,,,,
CHICKEN BURGER,PLAIN CHICKEN,"Chicken patty, Lettuce, & Mayo",$9.20 ,$6.50 ,$3.61 ,,$10.83 ,$10.11 ,$9.03 ,,$10.20 ,$10.60 ,8.5,10.12,$10.58 ,$8.93 ,$13.26 ,,,,,,,,,,
,THE LOT,"Chicken patty, Egg, Bacon, Cheese, Tomato, Red Onion, Lettuce, & Mayo",$12.90 ,$9.90 ,$3.61 ,$3.70 ,$14.53 ,$13.81 ,$12.73 ,,$14.20 ,$14.90 ,12,14.19,$14.84 ,$12.60 ,$18.46 ,,,,,,,,,,
,BLT CHICKEN,"Chicken Patty, Bacon, Cheese, Tomato, Lettuce, & Mayo",$11.40 ,$8.90 ,$3.61 ,$2.20 ,$13.03 ,$12.31 ,$11.23 ,,$12.60 ,$13.20 ,10.9,12.54,$13.11 ,$11.45 ,$16.38 ,,,,,,,,,,
,PERI PERI CHICKEN,"Chicken Patty, Jalapenos, Cheese, Tomato, Red Onion, Lettuce, & Peri Peri Mayo",$11.90 ,$8.90 ,$3.61 ,$2.70 ,$13.53 ,$12.81 ,$11.73 ,,$13.10 ,$13.70 ,11.5,13.09,$13.69 ,$12.08 ,$17.03 ,,,,,,,,,,
,HAWAIIAN CHICKEN,"Chicken Patty, Bacon, Pineapple, Cheese, Lettuce, & Mayo",$12.50 ,$9.50 ,$3.61 ,$3.30 ,$14.13 ,$13.41 ,$12.33 ,,$13.80 ,$14.40 ,11.5,13.75,$14.38 ,$12.08 ,$17.94 ,,,,,,,,,,
,TRADITIONAL CHICKEN SCHNITZEL,"Crumbed Breast Fillet Schnitzel, Lettuce, & Mayo",$8.50 ,$8.50 ,$3.02 ,,$9.06 ,$8.46 ,$7.55 ,,$9.40 ,$9.80 ,9.5,9.35,$9.78 ,$10.20 ,$12.22 ,,,,,,,,,,
,KIDS CHICKEN BURGER,"Crumbed Chicken Patty, Cheese, Lettuce, & Tomato Sauce",$6.00 ,$6.00 ,$2.30 ,,$6.90 ,$6.44 ,$5.75 ,,$6.60 ,$6.90 ,8.5,6.6,$6.90 ,$8.10 ,$8.58 ,,,,,,,,,,
,,,,,,,,,,,,,,,,,$0.00 ,,,,,,,,,,
FISH BURGER,PLAIN FISH BURGER,"Fried Flake, Lettuce, & Tartare Sauce",$12.20 ,$11.00 ,$4.30 ,,$12.90 ,$12.04 ,$10.75 ,,$13.50 ,$14.10 ,$12.20 ,13.42,$14.03 ,$14.03 ,$17.55 ,,,,,,,,,,
,CLASSIC FISH BURGER,"Fried Flake, Cheese, Tomato, Lettuce, & Tartare Sauce",$13.40 ,$11.50 ,$4.30 ,$1.20 ,$14.10 ,$13.24 ,$11.95 ,,$14.80 ,$15.50 ,$13.50 ,14.74,$15.41 ,$15.53 ,$19.24 ,,,,,,,,,,
,THE LOT FISH BURGER,"Fried Flake, Egg, Bacon, Cheese, Tomato, Lettuce, & Tartare Sauce",$15.40 ,,$4.30 ,$3.20 ,$16.10 ,$15.24 ,$13.95 ,,$17.00 ,$17.80 ,$13.50 ,16.94,$17.71 ,$15.53 ,$22.10 ,,,,,,,,,,
,Any Grilled Fish Add $0.50,,$0.50 ,,,,,,,,$0.60 ,$0.60 ,0.6,0.55,$0.58 ,$0.00 ,$0.78 ,,,,,,,,,,
,,,,,,,,,,,,,,,,,$0.00 ,,,,,,,,,,
VEGETARIAN BURGER,PLAIN VEGIE BURGER,"Gourmet Vegetable Patty, Lettuce, & Tomato Sauce",$6.90 ,8.5,2.26,,$6.78 ,$6.33 ,$5.65 ,,$7.60 ,$8.00 ,$7.50 ,7.59,$7.94 ,$8.63 ,$9.88 ,,,,,,,,,,
,CLASSIC VEGIE BURGER,"Gourmet Vegetable Patty, Cheese, Tomato, Red Onion, Lettuce, Mayo, & Tomato Relish",$8.60 ,10,2.26,1.7,$8.48 ,$8.03 ,$7.35 ,,$9.50 ,$9.90 ,9.5,9.46,$9.89 ,$10.93 ,$12.35 ,,,,,,,,,,
,,,,,,,,,,,,,,0,,$0.00 ,$0.00 ,,,,,,,,,,
SOUVLAKI,LAMB SOUVLAKI,"Lamb Yiros Meat, Tomato, Red Onion, Lettuce, & Garlic Sauce",$12.80 ,12.5,4.72,0.9,$15.06 ,$14.12 ,$12.70 ,,$14.10 ,$14.80 ,13.95,14.08,$14.72 ,$14.65 ,$18.33 ,,,,,,,,,,
,LAMB SOUVA WITH THE LOT,"Lamb Yiros Meat, Egg, Bacon, Cheese, Tomato, Red Onion, Lettuce, & Garlic Sauce",$15.60 ,16,4.72,3.7,$17.86 ,$16.92 ,$15.50 ,,$17.20 ,$18.00 ,17.5,17.16,$17.94 ,$18.38 ,$22.36 ,,,,,,,,,,
,CHICKEN SOUVLAKI,"Chicken Yiros Meat, Tomato, Red Onion, Lettuce, & Garlic Sauce",$11.50 ,$12.50 ,$3.50 ,$0.90 ,$11.40 ,$10.70 ,$9.65 ,,$12.70 ,$13.30 ,12.95,12.65,$13.23 ,$12.95 ,$16.51 ,,,,,,,,,,
,CHICKEN SOUVA WITH THE LOT,"Chicken Yiros Meat, Egg, Bacon, Cheese, Tomato, Red Onion, Lettuce, & Garlic Sauce",$14.30 ,$16.00 ,$3.50 ,$3.70 ,$14.20 ,$13.50 ,$12.45 ,,$15.80 ,$16.50 ,16.5,15.73,$16.45 ,$16.50 ,$20.54 ,,,,,,,,,,
,MIX SOUVLAKI,"Lamb & Chicken Yiros Meat, Tomato, Red Onion, Lettuce, & Garlic sauce",$12.20 ,$13.00 ,4.11,0.9,$13.23 ,$12.41 ,$11.18 ,,$13.50 ,$14.10 ,14,13.42,$14.03 ,$14.50 ,$17.55 ,,,,,,,,,,
,MIX SOUVA WITH THE LOT,"Lamb & Chicken Yiros Meat, Egg, Bacon, Cheese, Tomato, Red Onion, Lettuce, & Garlic Sauce",$15.00 ,$17.00 ,4.11,3.7,$16.03 ,$15.21 ,$13.98 ,,$16.50 ,$17.30 ,16.8,16.5,$17.25 ,$17.64 ,$21.45 ,,,,,,,,,,
,FISH SOUVLAKI,"Flake (Grilled or Fried), Tomato, Red Onion, Lettuce, & Tartare Sauce",$12.20 ,13,3.73,0.9,$12.09 ,$11.34 ,$10.23 ,,$13.50 ,$14.10 ,14.5,13.42,$14.03 ,$14.50 ,$17.55 ,,,,,,,,,,
,FISH SOUVA WITH THE LOT,"Fried Fish, Egg, Bacon, Cheese, Tomato, Red Onion, Lettuce, & Tartare Sauce",$15.00 ,16,3.73,3.7,$14.89 ,$14.14 ,$13.03 ,,$16.50 ,$17.30 ,,16.5,$17.25 ,$0.00 ,$21.45 ,,,,,,,,,,
,VEGETABLE SOUVLAKI,"Gourmet Vegetable Patty, Beetroot, Tomato, Red Onion, Lettuce, & Mayo",$7.10 ,10,1.69,1.9,$6.97 ,$6.63 ,$6.13 ,,$7.90 ,$8.20 ,9,7.81,$8.17 ,$8.80 ,$10.27 ,,,,,,,,,,
,GRILLED FISH,,$0.50 ,,,,,,,,$0.60 ,$0.60 ,0.6,0.55,$0.58 ,$0.00 ,$0.78 ,,,,,,,,,,
,EXTRA LAMB MEAT,Add extra lamb meat to any souvlaki,$4.00 ,4.5,2.11,,$6.33 ,$5.91 ,$5.28 ,,$4.40 ,$4.60 ,,4.4,$4.60 ,$5.18 ,$5.72 ,,,,,,,,,,
,EXTRA CHICKEN MEAT,Add extra chicken meat to any souvlaki,$3.00 ,$3.50 ,$1.41 ,,$4.23 ,$3.95 ,$3.53 ,,$3.30 ,$3.50 ,,3.3,$3.45 ,$4.03 ,$4.29 ,,,,,,,,,,
,,,,,,,,,,,,,,,,,$0.00 ,,,,,,,,,,
STEAK SANDWICH,PLAIN STEAK,"Gourmet Steak, Lettuce, & Butter, Tomato Sauce",$10.10 ,9.5,3.54,,$10.62 ,$9.91 ,$8.85 ,,$11.20 ,$11.70 ,$11.00 ,11.11,$11.62 ,$11.50 ,$14.56 ,,,,,,,,,,
,CLASSIC STEAK,"Gourmet Steak, Cheese, Tomato, Red Onion, Lettuce, & Butter, Tomato Sauce",$11.80 ,10,3.54,1.7,$12.32 ,$11.61 ,$10.55 ,,$13.00 ,$13.60 ,$12.50 ,12.98,$13.57 ,$13.30 ,$16.90 ,,,,,,,,,,
,CLASSIC STEAK LOT,"Gourmet Steak, Egg, Bacon, Cheese, Tomato, Red Onion, Lettuce, & Butter, Tomato Sauce",$13.80 ,13,3.54,3.7,$14.32 ,$13.61 ,$12.55 ,,$15.20 ,$15.90 ,$14.50 ,15.18,$15.87 ,$15.50 ,$19.76 ,,,,,,,,,,
,,,,,,,,,,,,,,,,,$0.00 ,,,,,,,,,,
SNACK PACK,Chicken Snack Pack,"Delicious chicken yiros meat with chips and cheese, topped with chilli, barbecue and homemade garlic sauce.",$12.10 ,$16.00,$3.71,$0.80,$11.92 ,$11.18 ,$10.06 ,,$13.40 ,$14.00 ,$13.80 ,13.31,$13.92 ,$14.40 ,$17.42 ,,,,,,,,,,
,Lamb Snack Pack,"Delicious lamb yiros meat with chips and cheese, topped with chilli, barbecue and homemade garlic sauce.",$15.20 ,$16.00,$5.11,$0.80,$16.12 ,$15.10 ,$13.56 ,,$16.80 ,$17.50 ,$17.10 ,16.72,$17.48 ,$17.85 ,$21.84 ,,,,,,,,,,
,Mix Snack Pack,"Delicious chicken and lamb yiros meat with chips and cheese, topped with chilli, barbecue and homemade garlic sauce.",$13.60 ,$17.00,$4.50,$0.80,$14.29 ,$13.39 ,$12.04 ,,$15.00 ,$15.70 ,$15.40 ,14.96,$15.64 ,$16.10 ,$19.50 ,,,,,,,,,,
,,,,,,,,,,,,,,0,,$0.00 ,$0.00 ,,,,,,,,,,
DRINKS,375ml Can,,$2.80 ,2.8,1,,,,,,$3.10 ,,3.3,3.08,$3.22 ,$3.22 ,$4.03 ,,,,,,,,,,
,600ml,,$4.00 ,4,2.62,,,,,,$4.40 ,,4.4,4.4,$4.60 ,$4.60 ,$5.72 ,,,,,,,,,,
,1.25l,,$5.00 ,5,1.92,,,,,,$5.50 ,,5.5,5.5,$5.75 ,$5.75 ,$7.15 ,,,,,,,,,,
,2l,,$6.00 ,6,3.5,,,,,,$6.60 ,,6.5,6.6,$6.90 ,$6.90 ,$8.58 ,,,,,,,,,,
,Water 600ml,,$3.00 ,3,0.47,,,,,,$3.30 ,,3.3,3.3,$3.45 ,$3.45 ,$4.29 ,,,,,,,,,,
,Powerade,,$4.50 ,4.5,2.83,,,,,,$5.00 ,,5,4.95,$5.18 ,$5.18 ,$6.50 ,,,,,,,,,,
,Monster,,$4.50 ,3.5,2.42,,,,,,$5.00 ,,4,4.95,$5.18 ,$4.03 ,$6.50 ,,,,,,,,,,
,Iced Tea,,$4.00 ,4,,,,,,,$4.40 ,,4.4,4.4,$4.60 ,$4.60 ,$5.72 ,,,,,,,,,,
,,,,,,,,,,,$0.00 ,,,,,$0.00 ,$0.00 ,,,,,,,,,,
ALL DAY BREAKFAST,Egg And Bacon Sandwich,2 pieces of bacon with fried egg and tomato sauce in super thick white bread,$6.80 ,6,1.3,3,$6.90 ,$6.64 ,$6.25 ,,$7.15 ,$7.90 ,$7.20 ,7.48,$7.82 ,$6.90 ,$9.30 ,,,,,,,,,,
,Egg And Bacon Bun,2 pieces of bacon with fried egg wrapped with tomato sauce in a delicious bun,$6.40 ,6,1.07,3,$6.21 ,$6.00 ,$5.68 ,,$7.10 ,$7.40 ,$6.60 ,7.04,$7.36 ,$6.90 ,$9.23 ,,,,,,,,,,
,,,,,,,,,,,$0.00 ,,,0,,$0.00 ,$0.00 ,,,,,,,,,,
SAUCE,Peri Peri,,$1.00,,,,,,,,$1.10 ,,$1.50 ,1.1,$1.15 ,$0.00 ,$1.43 ,,,,,,,,,,
,Garlic,,$1.00,,,,,,,,$1.10 ,,$1.50 ,1.1,$1.15 ,$0.00 ,$1.43 ,,,,,,,,,,
,Ketchup,,$1.00,,,,,,,,$1.10 ,,$1.50 ,1.1,$1.15 ,$0.00 ,$1.43 ,,,,,,,,,,
,Tartare,,$1.00,,,,,,,,$1.10 ,,$1.50 ,1.1,$1.15 ,$0.00 ,$1.43 ,,,,,,,,,,
,BBQ,,$1.00,,,,,,,,$1.10 ,,$1.50 ,1.1,$1.15 ,$0.00 ,$1.43 ,,,,,,,,,,
,Relish,,$1.00,,,,,,,,$1.10 ,,$1.50 ,1.1,$1.15 ,$0.00 ,$1.43 ,,,,,,,,,,
,Mayo,,$1.00,,,,,,,,$1.10 ,,$1.50 ,1.1,$1.15 ,$0.00 ,$1.43 ,,,,,,,,,,
,Tartare Batch No 5,,$2.00,,0.76,,,,,,$2.20 ,,$2.50 ,2.2,$2.30 ,$0.00 ,$2.86 ,,,,,,,,,,
,Ketchup Batch No 5,,$2.00,,0.76,,,,,,$2.20 ,,$2.50 ,2.2,$2.30 ,$0.00 ,$2.86 ,,,,,,,,,,
,,,,,,,,,,,$0.00 ,,,0,,$0.00 ,$0.00 ,,,,,,,,,,
Special Combo,LIGHT FLAKE PACK FOR ONE WITH A CAN,"1 Flake, 1 Potato Cake, 1 Dim Sim, & Half Chip with 375ml Can",$16.50 ,,$4.94,$2.50,$17.32,$16.33,$14.85,,$18.20 ,$19.00 ,18.5,18.15,$18.98 ,$0.00 ,$23.66 ,,,,,,,,,,
,FLAKE PACK FOR ONE WITH A CAN,"1 Flake, 1 Potato Cake, 1 Dim Sim, & Small Chips with 375ml Can",$19.30 ,$17.50,$5.95,$2.50,$20.35,$19.16,$17.38,,$21.30 ,$22.20 ,18.5,21.23,$22.20 ,$20.13 ,$27.69 ,,,,,,,,,,
,MEAL FOR ONE,"1 Flake, 2 Potato Cakes, 2 Dim Sims, & Half chip with 375ml Can",$20.00 ,$19.00,$5.90,$2.50,$20.21,$19.03,$17.26,,$22.00 ,$23.00 ,23,22,$23.00 ,$21.85 ,$28.60 ,,,,,,,,,,
,FLAKE PACK FOR TWO WITH 2 CANS,"2 Flakes, 2 Potato Cakes, 2 Dim Sims, & Small Chips with 2 375ml Drinks",$32.20 ,$31.00,$10.01,$4.00,$34.03,$32.03,$29.03,,$35.50 ,$37.10 ,$31.50,35.42,$37.03 ,$35.65 ,$46.15 ,,,,,,,,,,
,FAMILY FLAKE PACK WITH 1.25L DRINK,"4 Flakes, 4 Potato Cakes, 4 Dim Sims, & Medium Chips with 1.25l Drink",$60.00 ,$59.00,$19.02,$4.00,$61.06,$57.26,$51.55,,$66.00 ,$69.00 ,60,66,$69.00 ,$67.85 ,$85.80 ,,,,,,,,,,
,FISHERMAN'S CATCH,"1 Flake, 1 Scallop, 1 Seafood Stick, 2 Calamari Rings, & Half Chips with 375ml Can",$22.30 ,$21.50,$7.00,$2.50,$23.51,$22.11,$20.01,,$24.60 ,$25.70 ,23,24.53,$25.65 ,$24.73 ,$31.98 ,,,,,,,,,,
,DINNER BOX,"2 Flakes, 2 Fish Bites, 4 Potato Cakes, 4 Dim Sims, & Small Chips with1.25L Drink",$46.00 ,$46.00,$14.90,$4.00,$48.70,$45.72,$41.25,,$50.60 ,$52.90 ,48,50.6,$52.90 ,$52.90 ,$65.78 ,,,,,,,,,,
,,,,,,,,,,,,,,0,,$0.00 ,$0.00 ,,,,,,,,,,
Pack,LIGHT FLAKE PACK FOR ONE,"1 Flake, 1 Potato Cake, 1 Dim Sim, & Half Chip",$14.00 ,,$4.94,,$14.82,$13.83,$12.35,,$15.40 ,$16.10 ,15.5,15.4,$16.10 ,$0.00 ,$20.02 ,,,,,,,,,,
,FLAKE PACK FOR ONE,"1 Flake, 1 Potato Cake, 1 Dim Sim, & Small Chips",$16.80 ,$15.00,$5.95,,$17.85,$16.66,$14.88,,$18.50 ,$19.40 ,15.5,18.48,$19.32 ,$17.25 ,$24.05 ,,,,,,,,,,
,FLAKE PACK FOR TWO,"2 Flakes, 2 Potato Cakes, 2 Dim Sims, & Small Chips",$28.20 ,$27.00,$10.01,,$30.03,$28.03,$25.03,,$31.10 ,$32.50 ,27.75,31.02,$32.43 ,$31.05 ,$40.43 ,,,,,,,,,,
,FLAKE PACK FOR THREE,"3 Flakes, 3 Potato Cakes, 3 Dim Sims, & Medium Chips",$42.00 ,,$14.96,,$44.88,$41.89,$37.40,,$46.20 ,$48.30 ,,46.2,$48.30 ,$0.00 ,$60.06 ,,,,,,,,,,
,PACK FOR 3,"3 Butter Fish, 3 Potato Cakes, 3 Dim Sims, & Medium Chips",$30.60 ,$42.00,$10.88,,$32.64,$30.46,$27.20,,$33.70 ,$35.20 ,42,33.66,$35.19 ,$48.30 ,$43.81 ,,,,,,,,,,
,FAMILY FLAKE PACK,"4 Flakes, 4 Potato Cakes, 4 Dim Sims, & Medium Chips",$53.40 ,$54.00,$19.02,,$57.06,$53.26,$47.55,,$58.80 ,$61.50 ,57,58.74,$61.41 ,$62.10 ,$76.44 ,,,,,,,,,,
,FLATHEAD PACK,"6 Flathead Fillets, & Small Chips",$24.70 ,$22.00,$9.83,,$29.49,$27.52,$24.58,,$27.20 ,$28.50 ,24,27.17,$28.41 ,$25.30 ,$35.36 ,,,,,,,,,,
,VALUE PACK,"Basa Fish Fillet, & Half Chips",$4.40 ,$9.95,$1.52,,$5.06,$4.26,$3.80,,$4.90 ,$5.10 ,6.6,4.84,$5.06 ,$11.44 ,$6.37 ,,,,,,,,,,
,VEGIE PACK,"1 Vegie Dim Sim, 1 Vegie Patty, 3 Falafels, & Half Chips",$11.70 ,$12.95,$4.14,,$13.79,$11.59,$10.35,,$12.90 ,$13.50 ,15,12.87,$13.46 ,$14.89 ,$16.77 ,,,,,,,,,,
,DIM & CAKE PACK,"2 Potato Cakes, 2 Dim Sims, & Small Chips",$10.10 ,$11.50,$3.55,,$11.82,$9.94,$8.88,,$11.20 ,$11.70 ,12.7,11.11,$11.62 ,$13.23 ,$14.56 ,,,,,,,,,,
,PARTY PACK,"8 Potato Cakes, 8 Dim Sims, & Extra Large Chips",$32.90 ,$35.00,$11.70,,$38.96,$32.76,$29.25,,$36.20 ,$37.90 ,42,36.19,$37.84 ,$40.25 ,$47.06 ,,,,,,,,,,
,CALAMARI PACK,"4 Calamari, & Small Chips",$11.60 ,$11.00,$4.09,,$13.62,$11.45,$10.23,,$12.80 ,$13.40 ,12.2,12.76,$13.34 ,$12.65 ,$16.64 ,,,,,,,,,,
,SALT & PEPPER SQUID PACK,"8 Salt & Pepper Squids, & Small Chips",$16.20 ,$12.00,$5.75,,$14.38,$16.10,$14.38,,$17.90 ,$18.70 ,13.8,17.82,$18.63 ,$13.80 ,$23.27 ,,,,,,,,,,
,KIDS SNACK PACK,"2 Flathead Fillets, & Small Chips",$12.90 ,$11.00,$4.54,,$15.11,$12.70,$11.34,,$14.20 ,$14.90 ,12.2,14.19,$14.84 ,$12.65 ,$18.46 ,,,,,,,,,,
,KIDS PACK,"1 Fish Bite, 1 Potato Cake, 1 Dim Sim, & Half Chips",$9.50 ,$10.50,$3.33,,$11.07,$9.31,$8.31,,$10.50 ,$11.00 ,11,10.45,$10.93 ,$12.08 ,$13.65 ,,,,,,,,,,
,NUGGET N CHIP PACK,"4 Chicken Nuggets, & Chips",$4.80 ,$6.90,$1.67,,$5.55,$4.66,$4.17,,$5.30 ,$5.60 ,6.9,5.28,$5.52 ,$7.94 ,$6.89 ,,,,,,,,,,
,,,,,,,,,,,,,,0,,,$0.00 ,,,,,,,,,,
FISH,Flake,Grilled Or Fried,$10.00 ,$9.00,$3.23,,$9.69,$9.04,$8.08,,$11.00 ,$11.50 ,10.5,11,$11.50 ,$10.35 ,$14.30 ,,,,,,,,,,
,Flathead,3 Fillets Fried Only,$11.00 ,$9.00,$3.97,,$11.91,$11.12,$9.93,,$12.10 ,$12.70 ,11,12.1,$12.65 ,$10.35 ,$15.73 ,,,,,,,,,,
,Blue Grenadier,Grilled Or Fried,$9.00 ,$9.00,$1.57,,$5.23,$4.40,$3.93,,$9.90 ,$10.40 ,9.5,9.9,$10.35 ,$10.35 ,$12.87 ,,,,,,,,,,
,Barramundi,Grilled Or Fried,$9.00 ,$9.00,$2.54,,$8.46,$7.11,$6.35,,$9.90 ,$10.40 ,9.5,9.9,$10.35 ,$10.35 ,$12.87 ,,,,,,,,,,
,Whiting,Grilled Or Fried,$9.00 ,$9.00,$1.87,,$6.23,$5.24,$4.68,,$9.90 ,$10.40 ,9.5,9.9,$10.35 ,$10.35 ,$12.87 ,,,,,,,,,,
,Butter Fish,Grilled Or Fried,$9.00 ,$9.00,$1.87,,$6.23,$5.24,$4.68,,$9.90 ,$10.40 ,9.5,9.9,$10.35 ,$10.35 ,$12.87 ,,,,,,,,,,
,Barracouta,Fried,$9.00 ,$11.00,$1.50,,$5.00,$4.20,$3.75,,$9.90 ,$10.40 ,9.5,9.9,$10.35 ,$12.65 ,$12.87 ,,,,,,,,,,
,Basa,Grilled Or Fried,$7.00 ,$11.00,$0.64,,$2.13,$1.79,$1.60,,$7.70 ,$8.10 ,9.5,7.7,$8.05 ,$12.65 ,$10.01 ,,,,,,,,,,
,Any Grilled Fish Add $0.50,,$0.50,,,,,$0.00,,,$0.60 ,$0.60 ,0.6,0.55,$0.58 ,$0.00 ,$0.78 ,,,,,current,,,,,
,Add Panko,,$1.00,,,,,,,,$1.10 ,$1.20 ,1.1,1.1,$1.15 ,$0.00 ,$1.43 ,,,,,,,,,,
,,,,,,,,,,,,,,0,,$0.00 ,$0.00 ,,,,,,,,,,
Chip,Half Serve Chips,,$3.00,$3.00,0.8855,,$2.95,$2.48,$2.21,,$3.30 ,$3.50 ,3.3,3.3,$3.45 ,$3.45 ,$4.29 ,,,,4,517.2413793,500,,,5.8,750
,Small,Serves 1-2,$5.80 ,$5.50,1.8975,,$5.69,$5.31,$4.74,,$6.40 ,$6.70 ,6.6,6.38,$6.67 ,$6.33 ,$8.32 ,,,,5,646.5517241,650,,,,
,Medium,Serves 2-3,$8.50 ,$7.70,2.783,,$8.35,$7.79,$6.96,,$9.40 ,$9.80 ,8.5,9.35,$9.78 ,$8.86 ,$12.22 ,,,,6,775.862069,750,,,,
,Large,Serves 3-4,$11.50 ,$9.90,3.795,,$11.39,$10.63,$9.49,,$12.70 ,$13.30 ,10.8,12.65,$13.23 ,$11.39 ,$16.51 ,,,,7,905.1724138,900,,,,
,Extra Large,Serves 4-5,$15.30 ,$12.20,5.06,,$15.18,$14.17,$12.65,,$16.90 ,$17.60 ,13.4,16.83,$17.60 ,$14.03 ,$21.97 ,,,,8,1034.482759,1000,,,,
,Custom Amount,Order any amount between $4-$15,,,,,,$0.00,,,$0.00 ,$0.00 ,,0,$0.00 ,$0.00 ,$0.00 ,,,,9,1163.793103,1150,,,,
,Sweet Potato Chips,,$6.00,6,1.805,,$5.96,$5.05,$4.51,,$6.60 ,$6.90 ,6.6,6.6,$6.90 ,$6.90 ,$8.58 ,,,,10,1293.103448,1300,,,,
,Small Chips and Gravy,,$5.40 ,$5.00,0.759,3,$5.28,$5.13,$1.90,,$6.00 ,$6.30 ,6,5.94,$6.21 ,$5.75 ,$7.80 ,,,,11,1422.413793,1400,,,,
,Small Chips and Gravy With Cheese,,$6.20 ,$5.50,0.759,3.8,$6.08,$5.93,$1.90,,$6.90 ,$7.20 ,5.5,6.82,$7.13 ,$6.33 ,$8.97 ,,,,12,1551.724138,1550,,,,
,Large Chips and Gravy,,$7.90 ,$7.00,1.265,4,$7.80,$7.54,$3.16,,$8.70 ,$9.10 ,9,8.69,$9.09 ,$8.05 ,$11.31 ,,,,13,1681.034483,1700,,,,
,Large Chips and Gravy With Cheese,,$8.70 ,$7.50,1.265,4.8,$8.60,$8.34,$3.16,,$9.60 ,$10.10 ,,9.57,$10.01 ,$8.63 ,$12.48 ,,,,14,1810.344828,1800,,,,
,Small Tub of Gravy,,$3.00,3,,,,$0.00,,,$3.30 ,$3.50 ,3.5,3.3,$3.45 ,$3.45 ,$4.29 ,,,,15,1939.655172,1900,,,,
,Medium Tub of Gravy,,$4.50,4.5,,,,$0.00,,,$5.00 ,$5.20 ,5.5,4.95,$5.18 ,$5.18 ,$6.50 ,,,,,,,,,,
,Large Tub of Gravy,,$6.50,6.5,,,,$0.00,,,$7.20 ,$7.50 ,7.5,7.15,$7.48 ,$7.48 ,$9.36 ,,,,,,,,,,
,,,,,,,,,,,,,,0,,$0.00 ,$0.00 ,,,,,,,,,,
Sides,Dim Sim,Steamed Or Fried,$1.80 ,$1.80,$0.29,,$0.97,$0.81,$0.73,,$2.00 ,$2.10 ,2,1.98,$2.07 ,$2.07 ,$2.60 ,,,,,,,,,,
,Dim Sim In Batter,,$2.00,$2.50,$0.29,,$0.97,$0.81,$0.73,,$2.20 ,$2.30 ,2.8,2.2,$2.30 ,$2.88 ,$2.86 ,,,,,,,,,,
,South Melbourne Dim Sim,,$3.00 ,$3.00,$1.03,,$3.43,$2.88,$2.58,,$3.30 ,$3.50 ,3.3,3.3,$3.45 ,$3.60 ,$4.29 ,,,,,,,,,,
,Vegie Dim Sim,,$2.20 ,$2.00,$0.75,,$2.50,$2.10,$1.88,,$2.50 ,$2.60 ,2.2,2.42,$2.53 ,$2.30 ,$3.25 ,,,,,,,,,,
,Jumbo Potato Cake,,$2.00 ,,$0.55,,$1.83,$1.54,$1.38,,$2.20 ,$2.30 ,2.2,2.2,$2.30 ,$0.00 ,$2.86 ,,,,,,,,,,
,Potato Cake,,$1.80,$1.80,$0.54,,$1.80,$1.51,$1.35,,$2.00 ,$2.10 ,2,1.98,$2.07 ,$2.07 ,$2.60 ,,,,,,,,,,
,Cheese & Bacon Potato Cake,,$6.00 ,$5.00,$1.75,,$5.83,$4.90,$4.38,,$6.60 ,$6.90 ,5.5,6.6,$6.90 ,$6.00 ,$8.58 ,,,,,,,,,,
,Spring Roll,,$3.50 ,$4.00,$1.02,,$3.40,$2.86,$2.55,,$3.90 ,$4.10 ,4.2,3.85,$4.03 ,$4.60 ,$5.07 ,,,,,,,,,,
,Vegie Spring Roll,,$3.50,$3.50,$0.17,,$0.57,$0.48,$0.43,,$3.90 ,$4.10 ,3.85,3.85,$4.03 ,$4.03 ,$5.07 ,,,,,,,,,,
,Chiko Roll,,$4.30 ,$4.00,$1.25,,$4.16,$3.50,$3.13,,$4.80 ,$5.00 ,4.2,4.73,$4.95 ,$4.60 ,$6.24 ,,,,,,,,,,
,Corn Jack,,$4.00 ,$4.00,$1.16,,$3.86,$3.25,$2.90,,$4.40 ,$4.60 ,4.2,4.4,$4.60 ,$4.50 ,$5.72 ,,,,,,,,,,
,Chicken Breast Nugget,,$1.00 ,$1.20,$0.29,,$0.97,$0.81,$0.73,,$1.10 ,$1.20 ,1.3,1.1,$1.15 ,$1.38 ,$1.43 ,,,,,,,,,,
,Dino Nugget,,$1.00 ,$1.10,$0.31,,$1.03,$0.87,$0.78,,$1.10 ,$1.20 ,1.2,1.1,$1.15 ,$1.27 ,$1.43 ,,,,,,,,,,
,Frankfurt In Batter,,$4.00,$4.50,$0.64,,$2.13,$1.79,$1.60,,$4.40 ,$4.60 ,5,4.4,$4.60 ,$5.18 ,$5.72 ,,,,,,,,,,
,Burger In Batter,,$5.00 ,$5.00,$1.55,,$5.16,$4.34,$3.88,,$5.50 ,$5.80 ,5.5,5.5,$5.75 ,$5.75 ,$7.15 ,,,,,,,,,,
,Cheese Kransky In Batter,,$5.50 ,$5.00,$1.66,,$5.53,$4.65,$4.15,,$6.10 ,$6.40 ,5.5,6.05,$6.33 ,$5.75 ,$7.93 ,,,,,,,,,,
,Pickled Onion,,$2.00,$2.00,$1.08,,$2.16,$3.02,$2.70,,$2.20 ,$2.30 ,2.2,2.2,$2.30 ,$2.30 ,$2.86 ,,,,,,,,,,
,Onion Rings,,$0.80,$0.80,$0.24,,$0.80,$0.67,$0.60,,$0.90 ,$1.00 ,0.85,0.88,$0.92 ,$0.92 ,$1.17 ,,,,,,,,,,
,Garlic Chicken Balls,,$2.50 ,$2.00,$0.70,,$2.33,$1.96,$1.75,,$2.80 ,$2.90 ,2.2,2.75,$2.88 ,$2.30 ,$3.64 ,,,,,,,,,,
,Sweet Potato Chip,,$6.00,$6.00,$1.76,,$5.84,$4.91,$4.39,,$6.60 ,$6.90 ,6.6,6.6,$6.90 ,$6.90 ,$8.58 ,,,,,,,,,,
,Sweet Potato Cake,,$2.50,$2.50,,,$0.00,$0.00,$0.00,,$2.80 ,$2.90 ,2.6,2.75,$2.88 ,$2.88 ,$3.64 ,,,,,,,,,,
,Hash Brown,,$1.20 ,$1.90,$0.31,,$1.03,$0.87,$0.78,,$1.40 ,$1.40 ,2.1,1.32,$1.38 ,$2.19 ,$1.82 ,,,,,,,,,,
,,,,,,,,,,,$0.00 ,,,0,,$0.00 ,$0.00 ,,,,,,,,,,
SEAFOOD SIDES,Seafood / Crab Stick,,$1.50,$1.80 ,$0.18 ,,$0.60 ,$0.50,$0.45,,$1.70 ,$1.80 ,2,1.65,$1.73 ,$2.07 ,$2.21 ,,,,,,,,,,
,Fish Bite,,$5.00,$4.50 ,$1.62 ,,$4.85 ,$4.52,$4.04,,$5.50 ,$5.80 ,5.3,5.5,$5.75 ,$5.18 ,$7.15 ,,,,,,,,,,
,Fish Cake,,$3.50,$3.50 ,$1.08 ,,$3.60 ,$3.02,$2.70,,$3.90 ,$4.10 ,3.85,3.85,$4.03 ,$4.03 ,$5.07 ,,,,,,,,,,
,Calamari Ring,,$1.50,$1.50 ,$0.55 ,,$1.65 ,$1.54,$1.38,,$1.70 ,$1.80 ,1.65,1.65,$1.73 ,$1.73 ,$2.21 ,,,,,,,,,,
,Scallop,,$4.50,$3.20 ,$1.80 ,,$5.99 ,$5.04,$4.50,,$5.00 ,$5.20 ,3.6,4.95,$5.18 ,$3.68 ,$6.50 ,,,,,,,,,,
,Mussels in batter,,$1.00,$2.50 ,$0.27 ,,$0.90 ,$0.76,$0.68,,$1.10 ,$1.20 ,1.5,1.1,$1.15 ,$2.88 ,$1.43 ,,,,,,,,,,
,Prawn Cutlet,,$2.50,$2.50 ,$1.00 ,,$3.33 ,$2.80,$2.50,,$2.80 ,$2.90 ,2.75,2.75,$2.88 ,$2.88 ,$3.64 ,,,,,,,,,,
,Prawn In Batter,,$3.00,$3.00 ,$0.75 ,,$2.50 ,$2.10,$1.88,,$3.30 ,$3.50 ,3.3,3.3,$3.45 ,$3.45 ,$4.29 ,,,,,,,,,,
,Salt & Pepper Squid,Serve of 8,$7.50,$7.20 ,$3.86 ,,$7.72 ,$10.81,$9.65,,$8.30 ,$8.70 ,8,8.25,$8.63 ,$12.00 ,$10.79 ,,,,,,,,,,
,,,,,,,,,,,,,,0,$0.00 ,$0.00 ,$0.00 ,,,,,,,,,,
SWEETS,Pineapple Fritter,,$3.50,$3.50 ,$0.94 ,,$3.13 ,$2.63,$2.35,,$3.90 ,$4.10 ,4,3.85,$4.03 ,$4.03 ,$5.07 ,,,,,,,,,,
,Banana Fritter,,$3.50,$3.50 ,$0.37 ,,$1.23 ,$1.04,$0.93,,$3.90 ,$4.10 ,4,3.85,$4.03 ,$4.03 ,$5.07 ,,,,,,,,,,
,Mars In Batter,,$3.50,$3.50 ,$1.14 ,,$3.42 ,$3.19,$2.85,,$3.90 ,$4.10 ,3.5,3.85,$4.03 ,$4.03 ,$5.07 ,,,,,,,,,,
,Snickers In Batter,,$3.50,$3.50 ,$1.14 ,,$3.42 ,$3.19,$2.85,,$3.90 ,$4.10 ,3.85,3.85,$4.03 ,$4.03 ,$5.07 ,,,,,,,,,,
,Hot Jam Donut,Single,$1.20,$1.00 ,$0.57 ,,$1.14 ,$1.60,$1.43,,$1.40 ,$1.40 ,1.5,1.32,$1.38 ,$1.15 ,$1.82 ,,,,,,,,,,
,Hot Jam Donuts,Serve of 6,$7.00,$5.00 ,$3.42 ,,$8.55 ,$9.58,$8.55,,$7.70 ,$8.10 ,8,7.7,$8.05 ,$5.75 ,$10.01 ,,,,,,,,,,